<?xml version="1.0" encoding="UTF-8"?>
<beans xmlns="http://www.springframework.org/schema/beans"
	xmlns:xsi="http://www.w3.org/2001/XMLSchema-instance" xmlns:context="http://www.springframework.org/schema/context"
	xmlns:jdbc="http://www.springframework.org/schema/jdbc" xmlns:tx="http://www.springframework.org/schema/tx"
	xsi:schemaLocation="http://www.springframework.org/schema/jdbc http://www.springframework.org/schema/jdbc/spring-jdbc-3.0.xsd
		http://www.springframework.org/schema/beans http://www.springframework.org/schema/beans/spring-beans-3.0.xsd
		http://www.springframework.org/schema/tx http://www.springframework.org/schema/tx/spring-tx-3.0.xsd
		http://www.springframework.org/schema/context http://www.springframework.org/schema/context/spring-context-3.0.xsd">

	<!-- Scan for property file -->
	<context:property-placeholder location="classpath:META-INF/spring/*.properties" />

	
	
	<!-- Transaction Manager -->
	<bean id="transactionManager" class="org.springframework.orm.jpa.JpaTransactionManager">
		<property name="entityManagerFactory" ref="entityManagerFactory" />
		<property name="dataSource" ref="dataSource" />
	</bean>
	<!-- Detect @Transactional -->
	<tx:annotation-driven transaction-manager="transactionManager" />
	
	
	<!-- Entity Manager Factory -->
	<bean id="entityManagerFactory" class="org.springframework.orm.jpa.LocalContainerEntityManagerFactoryBean">
    	<property name="dataSource" ref="dataSource" />
    	<property name="jpaVendorAdapter">
    	<!-- Define Hibernate JPA Vendor Adapter -->
        <bean class="org.springframework.orm.jpa.vendor.HibernateJpaVendorAdapter">
            <property name="generateDdl" value="true" />
            <property name="database" value="H2" />
        </bean>
    	</property>
    	<!-- Persistence Unit -->
    	<property name="persistenceUnitName" value="persistenceUnit" />
	</bean>

	<bean id="dataSource" class="org.springframework.jdbc.datasource.DriverManagerDataSource">
    	<property name="driverClassName" value="${h2.driverClassName}" />
    	<property name="url" value="${h2.url}" />
    	<property name="username" value="${h2.username}" />
    	<property name="password" value="${h2.password}" />
	</bean>


	<bean
		class="org.springframework.orm.jpa.support.PersistenceAnnotationBeanPostProcessor" />
	

</beans>
